<?xml version="1.0" encoding="UTF-8"?>
<mu:metadataUrls xmlns:mu="http://pingidentity.com/2015/01/metadata-url">
    <mu:metadataUrlCertType>
        <mu:id>gu9i7rgxIWxfoaJKbExhnjvtb</mu:id>
        <mu:name>P14C Workfront</mu:name>
        <mu:metadataUrl>https://auth.pingone.com/7334523a-4a2d-4dd6-9f37-93c60114e938/saml20/metadata/08ff9330-2de0-41d6-a7a4-15b583d7658e</mu:metadataUrl>
        <mu:certAlias xsi:nil="true" xmlns:xsi="http://www.w3.org/2001/XMLSchema-instance"/>
        <mu:validateSignature>true</mu:validateSignature>
    </mu:metadataUrlCertType>
</mu:metadataUrls>